{"cameraMode":{"drawMode":0,"name":"Shaded","section":"Shading Mode"},"sceneLighting":true,"audioPlay":false,"sceneViewState":{"m_AlwaysRefresh":false,"showFog":true,"showSkybox":true,"showFlares":true,"showImageEffects":true,"showParticleSystems":true,"showVisualEffectGraphs":true,"m_FxEnabled":true},"in2DMode":false,"pivot":{"x":4.01743221282959,"y":7.951112747192383,"z":3.3817484378814699},"rotation":{"x":0.6756709814071655,"y":0.007968965917825699,"z":-0.007323942147195339,"w":0.7371680736541748},"size":26.24680519104004,"orthographic":true}