{"cameraMode":{"drawMode":0,"name":"Shaded","section":"Shading Mode"},"sceneLighting":true,"audioPlay":false,"sceneViewState":{"m_AlwaysRefresh":false,"showFog":true,"showSkybox":true,"showFlares":true,"showImageEffects":true,"showParticleSystems":true,"showVisualEffectGraphs":true,"m_FxEnabled":true},"in2DMode":false,"pivot":{"x":2.968914270401001,"y":-54.000877380371097,"z":0.22101426124572755},"rotation":{"x":0.7017804384231567,"y":0.002137166680768132,"z":-0.002105347579345107,"w":0.7123870253562927},"size":56.699951171875,"orthographic":false}